SlideNumber;MeanROI1;MeanROI2;MeanROI3;MeanROI4;MeanROI5;StDevROI1;StDevROI2;StDevROI3;StDevROI4;StDevROI5;ValidPixelROI1;ValidPixelROI2;ValidPixelROI3;ValidPixelROI4;ValidPixelROI5
1;21.1293;22.4855;23.2799;24.2604;22.4983;447706;462377;4.671;4.66198;4.41525;7754;7877;6558;3918;6931
2;19.2726;21.4541;23.3730;24.6330;22.7779;466088;455897;4.76086;4.77736;4.45834;7754;7877;6558;3918;6931
3;18.0309;20.5490;23.1718;24.5488;22.7415;477467;459709;4.8772;5.08906;4.57291;7754;7877;6558;3918;6931
4;17.5540;19.9299;23.2360;24.4930;22.9489;470430;458157;4.81946;5.01284;4.44733;7754;7877;6558;3918;6931
5;16.9687;19.4073;22.8786;24.3501;22.6128;458024;439593;4.84461;4.95841;4.60076;7754;7877;6558;3918;6931
6;16.4143;18.7923;22.6797;24.2219;22.5257;456877;425684;4.68028;4.78317;4.48211;7754;7877;6558;3918;6931
7;16.2108;18.3786;22.7363;24.1445;22.5641;462511;421988;4.90197;4.68304;4.45548;7754;7877;6558;3918;6931
8;15.9448;17.9007;22.5472;24.0889;22.2270;451908;417804;4.84975;5.06708;4.33576;7754;7877;6558;3918;6931
9;15.4250;17.6981;22.5275;23.7144;22.3120;442173;410621;4.79674;4.73717;4.39559;7754;7877;6558;3918;6931
10;15.2096;17.2971;22.3333;23.9074;22.0281;455752;404960;4.78961;4.87335;4.32953;7754;7877;6558;3918;6931
11;14.8685;17.0611;22.1044;23.5780;22.1161;438116;395672;4.5913;4.6251;4.39177;7754;7877;6558;3918;6931
12;14.5158;16.6195;22.0605;23.5901;21.9198;436139;380478;4.65784;4.85628;4.3453;7754;7877;6558;3918;6931
13;14.2929;16.4067;21.9845;23.6450;21.7773;436140;393809;4.6075;4.78379;4.38583;7754;7877;6558;3918;6931
14;14.2723;16.1701;22.0645;23.1877;22.0253;447006;384040;4.91129;4.53444;4.46286;7754;7877;6558;3918;6931
15;13.9449;15.8502;21.6941;23.2038;21.6960;433716;384909;4.70745;4.71088;4.32477;7754;7877;6558;3918;6931
16;13.8774;15.6316;21.7194;23.0805;21.6803;445138;379344;4.67347;4.59219;4.32198;7754;7877;6558;3918;6931
17;13.5133;15.3811;21.3541;22.9827;21.4119;426233;365971;4.60854;4.58227;4.22353;7754;7877;6558;3918;6931
18;13.4702;15.2493;21.1651;23.0329;21.2619;420598;373285;4.68705;4.55128;4.27178;7754;7877;6558;3918;6931
19;13.2318;14.8742;21.3775;22.8342;21.2734;418052;371443;4.48242;4.52887;4.19143;7754;7877;6558;3918;6931
20;12.9288;14.7360;21.2326;22.7796;21.1670;420915;358901;4.39624;4.4484;4.27877;7754;7877;6558;3918;6931
21;12.8668;14.4076;20.8752;22.5710;21.2866;411280;354502;4.44549;4.57785;4.27921;7754;7877;6558;3918;6931
22;12.6772;14.2056;20.8448;22.5652;20.8597;403844;354435;4.59015;4.51176;4.12312;7754;7877;6558;3918;6931
23;12.6169;14.0312;20.7214;22.1634;20.8143;425399;348840;4.55457;4.25186;4.11983;7754;7877;6558;3918;6931
24;12.3857;13.9262;20.7231;22.0808;20.8610;405068;355040;4.55111;4.44589;4.14659;7754;7877;6558;3918;6931
25;12.1974;13.6654;20.4252;22.1825;20.5045;401459;344831;4.59756;4.33642;4.06414;7754;7877;6558;3918;6931
26;12.0472;13.4601;20.4133;21.9537;20.5390;407586;341059;4.41744;4.43992;4.03657;7754;7877;6558;3918;6931
27;11.9070;13.3211;20.1868;21.7599;20.3796;401124;344876;4.45941;4.22322;4.1233;7754;7877;6558;3918;6931
28;11.7608;13.2204;20.0443;21.4763;20.1737;413249;335618;4.40724;4.19388;4.04058;7754;7877;6558;3918;6931
29;11.6142;12.9529;19.8123;21.6182;20.1104;399811;331599;4.25491;4.48524;3.99302;7754;7877;6558;3918;6931
30;11.4340;12.7678;19.7510;21.4090;19.9980;392250;326799;4.50799;4.41547;3.98459;7754;7877;6558;3918;6931
31;11.3597;12.6375;19.7160;21.3572;19.8700;392224;334398;4.39425;4.29799;4.12395;7754;7877;6558;3918;6931
32;11.1606;12.3942;19.4125;21.2569;19.6160;392118;318246;4.47555;4.41215;3.92904;7754;7877;6558;3918;6931
33;10.9650;12.3272;19.1642;21.0308;19.6573;390735;315351;4.36981;4.18772;3.96276;7754;7877;6558;3918;6931
34;10.7879;12.2253;18.9113;21.1261;19.4699;376174;322811;4.34622;4.21495;4.00763;7754;7877;6558;3918;6931
35;10.7220;12.0900;18.9567;20.8765;19.3514;379469;326174;4.24778;4.20252;3.92792;7754;7877;6558;3918;6931
36;10.5517;11.7769;18.9274;20.6632;18.9901;380925;315209;4.32302;4.25649;3.79804;7754;7877;6558;3918;6931
37;10.2865;11.8179;18.5359;20.2630;18.9597;369198;310188;4.28112;4.15277;3.7936;7754;7877;6558;3918;6931
38;10.2109;11.5808;18.5653;20.3499;18.9562;375433;317083;4.23089;4.14551;3.75785;7754;7877;6558;3918;6931
39;10.0462;11.4607;18.5066;19.8970;18.8379;375557;315019;4.1433;3.93599;3.88227;7754;7877;6558;3918;6931
40;-18.0802;-18.0802;-18.0802;-18.0802;-18.0802;#ZAHL!;#ZAHL!;NaN;NaN;NaN;1;1;1;1;1
41;9.81550;11.1942;18.1404;19.6230;18.5284;363139;309963;4.3288;3.98688;3.71332;7754;7877;6558;3918;6931
42;9.63050;11.0570;17.8969;19.7542;18.2081;368854;310634;4.23683;3.99384;3.7202;7754;7877;6558;3918;6931
43;9.38250;10.8752;17.7047;19.1046;17.9148;362446;295959;4.21133;3.91616;3.64776;7754;7877;6558;3918;6931
44;9.28080;10.9402;17.6178;19.2963;17.6997;352347;296718;4.07162;4.09385;3.55254;7754;7877;6558;3918;6931
45;9.01450;10.6610;17.4241;19.0922;17.7460;357912;286855;4.13491;3.85607;3.54746;7754;7877;6558;3918;6931
46;8.98770;10.4986;17.0703;18.9248;17.5839;354897;296843;4.06654;3.82421;3.69916;7754;7877;6558;3918;6931
47;8.78270;10.4934;17.1034;18.9853;17.3346;348012;291845;4.06035;3.95674;3.60358;7754;7877;6558;3918;6931
48;8.61420;10.2713;16.8617;18.6276;17.1552;338844;290465;3.92477;3.83605;3.54415;7754;7877;6558;3918;6931
49;8.48510;10.1036;16.6275;18.5398;16.9525;342989;287618;4.04087;3.70862;3.51267;7754;7877;6558;3918;6931
50;8.33720;9.92740;16.5100;18.1821;16.8278;338616;282785;4.08796;3.70111;3.51249;7754;7877;6558;3918;6931
51;8.14930;9.71840;16.2797;18.0982;16.6604;337295;280800;3.94235;3.89241;3.45649;7754;7877;6558;3918;6931
52;7.97820;9.68880;16.1476;17.9173;16.3984;343381;281803;3.88212;3.61552;3.48891;7754;7877;6558;3918;6931
53;7.73580;9.64070;15.9551;17.5891;16.1815;328409;274054;3.91562;3.60451;3.47601;7754;7877;6558;3918;6931
54;7.52720;9.34920;15.6665;17.4754;16.0261;319099;274970;3.9425;3.58809;3.40115;7754;7877;6558;3918;6931
55;7.38580;9.27200;15.4300;17.1855;15.7770;317318;274957;3.8256;3.53123;3.33901;7754;7877;6558;3918;6931
56;7.20900;9.14640;15.2422;17.0786;15.5410;323281;277823;3.82438;3.38607;3.37835;7754;7877;6558;3918;6931
57;7.01930;8.97240;15.0807;16.6726;15.3104;309345;267801;3.84118;3.3953;3.29133;7754;7877;6558;3918;6931
58;6.83120;8.70830;14.8551;16.4197;15.0750;316768;270520;3.8255;3.43715;3.30099;7754;7877;6558;3918;6931
59;6.51910;8.55340;14.5214;16.1981;14.8571;303185;264026;3.59573;3.30591;3.12538;7754;7877;6558;3918;6931
60;6.42230;8.37720;14.4656;16.1716;14.6720;306081;260531;3.68193;3.45241;3.18848;7754;7877;6558;3918;6931
61;6.24970;8.20140;14.0891;15.9222;14.4730;300950;254281;3.71519;3.24843;3.19501;7754;7877;6558;3918;6931
62;6.00460;8.03660;13.8438;15.5689;14.1818;288350;260395;3.66122;3.35573;3.30179;7754;7877;6558;3918;6931
63;5.80210;7.83960;13.5548;15.3031;13.9227;286769;260857;3.55768;3.16811;3.2319;7754;7877;6558;3918;6931
64;5.59300;7.58460;13.3960;15.0283;13.5565;285935;252326;3.58943;3.24305;3.07204;7754;7877;6558;3918;6931
65;5.39820;7.44540;12.9992;14.7127;13.2260;273420;242507;3.60988;3.0531;2.97365;7754;7877;6558;3918;6931
66;5.18280;7.20890;12.7698;14.5195;12.8869;274273;250181;3.43607;3.11322;3.10101;7754;7877;6558;3918;6931
67;4.99610;7.02160;12.5878;14.4239;12.6161;263715;246011;3.44641;2.9119;3.01012;7754;7877;6558;3918;6931
68;4.71790;6.77420;12.1378;13.9884;12.3309;266757;234089;3.3149;2.99339;3.01899;7754;7877;6558;3918;6931
69;4.52160;6.54320;11.9672;13.6888;12.0201;260470;241885;3.34702;2.9172;2.94934;7754;7877;6558;3918;6931
70;4.32560;6.31840;11.6974;13.3361;11.6500;253864;230739;3.22548;2.85727;2.92373;7754;7877;6558;3918;6931
71;4.17900;6.14260;11.3770;13.3859;11.3814;247524;257008;3.30342;2.96696;2.92246;7754;7877;6558;3918;6931
72;3.94110;5.80010;10.9550;12.9169;10.9796;238790;240756;3.20547;2.77479;2.94058;7754;7877;6558;3918;6931
73;3.69800;5.58910;10.7865;12.4959;10.7096;237818;234568;3.29104;2.77879;2.93548;7754;7877;6558;3918;6931
74;3.51560;5.41980;10.3458;12.3448;10.2574;228895;240521;3.24007;2.74139;2.92533;7754;7877;6558;3918;6931
75;3.25880;5.12060;10.0096;11.9138;9.84690;220144;236946;3.1447;2.72696;2.83022;7754;7877;6558;3918;6931
76;3.07560;4.78000;9.58350;11.7100;9.68640;217027;231140;3.09829;2.60653;2.81739;7754;7877;6558;3918;6931
77;2.91310;4.56450;9.29290;11.3932;9.30360;209100;230215;2.95749;2.5105;2.82602;7754;7877;6558;3918;6931
78;2.61690;4.33830;8.96140;10.9283;8.87310;205088;231149;3.05081;2.52705;2.7629;7754;7877;6558;3918;6931
79;2.52410;4.08910;8.63480;10.8240;8.49070;197038;226215;3.09564;2.56762;2.73938;7754;7877;6558;3918;6931
80;2.29680;3.86540;8.32190;10.5705;8.20460;190563;231853;2.99357;2.48745;2.76543;7754;7877;6558;3918;6931
81;2.21860;3.62010;7.86060;10.2003;7.73860;193648;232023;2.91149;2.44568;2.71594;7754;7877;6558;3918;6931
82;1.95820;3.31270;7.53650;9.79840;7.39920;177949;220790;2.93401;2.3832;2.63318;7754;7877;6558;3918;6931
83;1.86450;3.12360;7.28480;9.55310;7.07270;174297;231172;2.90264;2.45858;2.51501;7754;7877;6558;3918;6931
84;1.74110;2.80340;6.94790;9.27960;6.58070;171133;221601;2.88507;2.38402;2.60497;7754;7877;6558;3918;6931
85;1.65010;2.58770;6.59380;8.93320;6.14660;170030;220234;2.83905;2.37534;2.49704;7754;7877;6558;3918;6931
86;1.47720;2.35200;6.19320;8.78200;5.79940;160380;218895;2.75426;2.37585;2.48225;7754;7877;6558;3918;6931
87;1.38580;2.16380;5.94850;8.38230;5.35140;155105;218908;2.66317;2.17914;2.4215;7754;7877;6558;3918;6931
88;1.20250;1.93550;5.58450;8.05960;4.93830;149891;211007;2.65876;2.18916;2.48081;7754;7876;6558;3918;6931
89;1.10750;1.77670;5.33350;7.84190;4.52550;141468;204107;2.58575;2.19668;2.39007;7754;7877;6558;3918;6931
90;0.973300;1.53780;5.09040;7.40530;4.05950;144368;202937;2.47011;2.13263;2.4325;7754;7877;6558;3918;6931
91;0.923300;1.45980;4.79590;7.20440;3.74280;141303;198883;2.45729;2.14783;2.40699;7754;7877;6558;3918;6931
92;0.808800;1.24660;4.52570;6.92870;3.24400;140616;194265;2.4106;2.03601;2.37663;7754;7875;6558;3918;6931
93;0.736000;1.12830;4.14210;6.64450;2.95400;137059;189529;2.34418;2.02805;2.2787;7754;7877;6558;3918;6931
94;0.661000;1.02210;3.79660;6.29660;2.56680;138965;187867;2.25483;2.01424;2.21837;7754;7875;6558;3918;6931
95;0.597000;0.900000;3.58970;5.89550;2.25520;133474;179171;2.28257;1.97589;2.17846;7754;7875;6558;3918;6931
96;0.551100;0.861100;3.33800;5.72870;2.00300;131618;178493;2.26165;1.94441;2.08323;7754;7877;6558;3918;6931
97;0.401700;0.726500;3.02320;5.58420;1.63120;131992;170635;2.19122;1.87141;1.97163;7754;7876;6558;3918;6931
98;0.428100;0.642900;2.77710;5.20830;1.44050;131686;171849;2.09194;1.8736;1.88277;7754;7876;6558;3918;6931
99;0.384300;0.577300;2.37370;4.88630;1.16520;133042;170294;2.08283;1.81822;1.79323;7754;7875;6558;3918;6931
100;0.311100;0.550500;2.15820;4.80400;1.02840;126485;161075;2.03317;1.77901;1.71847;7754;7875;6558;3918;6931
101;0.275800;0.459900;1.91010;4.58520;0.846500;128956;162896;1.93906;1.81056;1.60719;7754;7877;6558;3918;6931
102;0.222000;0.413000;1.58600;4.17470;0.682900;129018;155020;1.88328;1.71754;1.54043;7754;7877;6558;3918;6931
103;0.240100;0.361200;1.38230;4.04420;0.443000;129905;158775;1.81831;1.66325;1.41006;7754;7876;6558;3918;6931
104;0.189400;0.359200;1.12910;3.72920;0.285500;128242;151438;1.75037;1.73073;1.38325;7754;7875;6558;3918;6931
105;0.168900;0.301400;0.967200;3.50030;0.137600;128085;152742;1.68405;1.71711;1.30777;7754;7877;6558;3918;6931
106;0.187300;0.193100;0.731200;3.27480;-0.00200000;129716;145147;1.61527;1.64261;1.27952;7754;7876;6558;3918;6931
107;0.136700;0.201900;0.604000;2.98430;-0.0515000;125726;144685;1.48402;1.5682;1.24529;7754;7877;6558;3918;6931
108;0.122400;0.227900;0.460800;2.81630;-0.170300;126058;141542;1.42145;1.63422;1.19749;7754;7875;6558;3918;6931
109;0.0978000;0.179700;0.314600;2.51480;-0.196800;125982;135616;1.39034;1.56858;1.23388;7754;7873;6558;3918;6931
110;0.0713000;0.189700;0.165800;2.29430;-0.234200;127989;140948;1.34734;1.64059;1.17809;7754;7876;6558;3918;6931
111;0.0605000;0.168700;0.0718000;2.08690;-0.246800;127908;139391;1.29525;1.5827;1.20071;7754;7875;6558;3918;6931
112;0.0448000;0.148000;-0.0311000;1.89690;-0.237600;123896;143678;1.2404;1.53233;1.19385;7754;7874;6558;3918;6931
113;0.0285000;0.0606000;-0.0583000;1.66210;-0.214900;129137;137530;1.24885;1.47909;1.18134;7754;7875;6558;3918;6931
114;0.0226000;0.0303000;-0.118500;1.44510;-0.265100;126600;134663;1.24694;1.46161;1.15711;7754;7874;6558;3918;6931
115;0.0334000;0.0852000;-0.131000;1.25970;-0.201800;129841;139078;1.21987;1.45026;1.20838;7754;7876;6558;3918;6931
116;0.0149000;0.00900000;-0.175100;1.05710;-0.235600;125845;136835;1.25226;1.45108;1.22205;7754;7875;6558;3918;6931
117;-0.0464000;0.00790000;-0.169700;0.913700;-0.257200;125449;135622;1.24557;1.35004;1.18951;7754;7877;6558;3918;6931
118;-0.00490000;-0.0238000;-0.185100;0.730800;-0.256800;128342;131246;1.2273;1.35531;1.2115;7754;7872;6558;3918;6931
119;0.000700000;0.0114000;-0.191500;0.640300;-0.260900;131134;128162;1.24016;1.30268;1.19774;7754;7875;6558;3918;6931
120;-0.0432000;-0.0213000;-0.200900;0.504200;-0.285200;124265;125115;1.22957;1.29431;1.17023;7754;7874;6558;3918;6931
121;-0.0636000;-0.0395000;-0.203800;0.399900;-0.256100;125840;127124;1.20487;1.29897;1.21374;7754;7874;6558;3918;6931
122;-0.0778000;-0.0554000;-0.198600;0.280300;-0.264200;124505;125388;1.21735;1.23872;1.18162;7754;7874;6558;3918;6931
123;-0.0618000;-0.0915000;-0.233700;0.140800;-0.302800;125581;124917;1.23327;1.23581;1.19437;7754;7875;6558;3918;6931
124;-0.0311000;-0.0952000;-0.168300;0.200100;-0.271700;126328;125911;1.24189;1.25791;1.16624;7754;7877;6558;3918;6931
125;-0.0363000;-0.0188000;-0.209800;0.105500;-0.247700;124930;123502;1.21186;1.23584;1.17862;7754;7875;6558;3918;6931
126;-0.0471000;-0.0707000;-0.196200;0.107100;-0.232000;127681;125100;1.20731;1.17578;1.18996;7754;7877;6558;3918;6931
127;-0.102200;-0.104100;-0.202500;0.119100;-0.287400;125032;120397;1.20522;1.23328;1.18437;7754;7875;6558;3918;6931
128;-0.0766000;-0.154600;-0.189300;0.0728000;-0.313300;125740;124695;1.23179;1.21396;1.1736;7754;7874;6558;3918;6931
129;-0.100400;-0.0838000;-0.199400;0.0393000;-0.250800;125190;123835;1.2086;1.21253;1.20366;7754;7877;6558;3918;6931
130;-0.114400;-0.0847000;-0.155100;0.127800;-0.286300;123787;123373;1.22717;1.2519;1.18952;7754;7877;6558;3918;6931
131;-0.0429000;-0.114700;-0.186900;0.0881000;-0.250800;126437;121906;1.21392;1.21476;1.20555;7754;7876;6558;3918;6931
132;-0.0476000;-0.155200;-0.182300;0.127100;-0.328000;128210;123396;1.2528;1.21766;1.15721;7754;7876;6558;3918;6930
133;-0.0433000;-0.133100;-0.205400;0.0838000;-0.280700;127337;122187;1.22621;1.26003;1.21664;7754;7877;6558;3918;6931
134;-0.0459000;-0.120500;-0.127200;0.0614000;-0.284300;127783;120493;1.24229;1.273;1.21288;7754;7876;6558;3918;6931
135;-0.108800;-0.121800;-0.201800;0.0325000;-0.250200;123106;123318;1.21595;1.2142;1.1918;7754;7872;6558;3918;6931
136;-0.137500;-0.174900;-0.184300;0.0559000;-0.239700;122923;120292;1.25242;1.16545;1.207;7754;7876;6558;3918;6931
137;-0.0845000;-0.165200;-0.189800;0.109200;-0.304700;125843;122328;1.2424;1.21727;1.17297;7754;7875;6558;3918;6931
138;-0.0260000;-0.151500;-0.182300;0.126700;-0.307600;123790;122610;1.29585;1.22448;1.19328;7754;7876;6558;3918;6931
139;-0.0676000;-0.166300;-0.226500;-0.00160000;-0.272700;125576;121095;1.25068;1.23263;1.16723;7754;7877;6558;3918;6931
140;-0.0760000;-0.139200;-0.207100;0.00740000;-0.233100;125848;121239;1.25677;1.22115;1.19358;7754;7874;6558;3918;6931
141;-0.0580000;-0.132300;-0.185700;0.0459000;-0.275500;125597;120420;1.27553;1.21017;1.19037;7754;7873;6558;3918;6931
142;-0.0758000;-0.115300;-0.198100;0.0267000;-0.223200;128571;123538;1.25371;1.21369;1.20596;7754;7875;6558;3918;6931
143;-0.0769000;-0.119800;-0.200900;0.131700;-0.295700;125386;120564;1.23734;1.20725;1.1771;7754;7876;6558;3918;6931
144;-0.0843000;-0.143500;-0.213700;0.135300;-0.227700;126217;121593;1.19043;1.25075;1.22441;7754;7876;6558;3918;6931
145;-0.0961000;-0.174400;-0.195000;0.0499000;-0.248000;124174;118929;1.25049;1.22662;1.17014;7754;7873;6558;3918;6931
146;-0.106700;-0.151300;-0.217000;0.112600;-0.269300;128929;120323;1.24068;1.26314;1.17365;7754;7876;6558;3918;6931
147;-0.0460000;-0.140500;-0.182700;0.0148000;-0.268200;123724;123501;1.23791;1.21594;1.18041;7754;7876;6558;3918;6931
148;-0.0345000;-0.167600;-0.162900;0.0640000;-0.242500;123111;120167;1.25286;1.25545;1.19344;7754;7876;6558;3918;6931
149;-0.0590000;-0.121600;-0.185300;0.0532000;-0.309400;123623;121504;1.22568;1.23696;1.19284;7754;7877;6558;3918;6931
150;-0.0799000;-0.199000;-0.174400;0.000000;-0.308500;124212;117374;1.22557;1.20851;1.19047;7754;7877;6558;3918;6931
151;-0.0755000;-0.126100;-0.193600;0.0997000;-0.306000;125735;122044;1.24705;1.25119;1.19337;7754;7876;6558;3918;6931
152;-0.103500;-0.141100;-0.151000;0.140800;-0.258700;126951;120261;1.22141;1.21574;1.17487;7754;7874;6558;3918;6931
153;-0.0812000;-0.147200;-0.238900;0.0237000;-0.312000;127041;120162;1.22179;1.19899;1.19795;7754;7876;6558;3918;6931
154;-0.100300;-0.180100;-0.168800;0.0192000;-0.251800;124485;120849;1.23275;1.22183;1.20528;7754;7877;6558;3918;6931
155;-0.0515000;-0.132900;-0.173800;-0.0245000;-0.278200;125065;117932;1.23121;1.16643;1.17837;7754;7873;6558;3918;6931
156;-0.0470000;-0.120500;-0.191100;0.0627000;-0.290300;127824;121881;1.23393;1.23065;1.19348;7754;7874;6558;3918;6931
157;-0.0884000;-0.148600;-0.217300;0.0659000;-0.218400;124028;116968;1.22813;1.23982;1.17837;7754;7875;6558;3918;6931
158;-0.0547000;-0.180000;-0.172900;0.0544000;-0.258600;124827;117880;1.22469;1.20003;1.1934;7754;7872;6558;3918;6931
159;-18.0802;-18.0802;-18.0802;-18.0802;-18.0802;#ZAHL!;#ZAHL!;NaN;NaN;NaN;1;1;1;1;1
160;-0.0673000;-0.119000;-0.169800;0.0506000;-0.258700;128971;123758;1.21736;1.20754;1.20454;7754;7876;6558;3918;6931
161;-0.0849000;-0.148700;-0.184900;0.0624000;-0.319300;127963;120047;1.24799;1.21509;1.18482;7754;7874;6558;3918;6931
162;-0.0671000;-0.142300;-0.215400;0.0287000;-0.292400;129084;121120;1.21664;1.18244;1.18461;7754;7875;6558;3918;6931
163;-0.0451000;-0.113500;-0.236600;0.107400;-0.225800;126750;116952;1.22023;1.24106;1.18537;7754;7875;6558;3918;6931
164;-0.0943000;-0.182000;-0.143800;0.0617000;-0.273000;124399;118059;1.24287;1.20697;1.18921;7754;7876;6558;3918;6931
165;-0.0519000;-0.124800;-0.171200;0.0191000;-0.299400;127925;119592;1.26419;1.19505;1.19989;7754;7875;6558;3918;6931
166;-0.0736000;-0.183200;-0.203800;0.108400;-0.213000;122766;119680;1.27486;1.2403;1.17519;7754;7873;6558;3918;6931
167;-0.141600;-0.200500;-0.234300;0.00440000;-0.218800;124888;122899;1.24199;1.2079;1.19773;7754;7874;6558;3918;6931
168;-0.0315000;-0.137300;-0.137500;0.0553000;-0.243500;125699;121108;1.23276;1.20092;1.17115;7754;7874;6558;3918;6931
169;-0.0500000;-0.164000;-0.0997000;0.0572000;-0.271800;126791;120569;1.22705;1.18041;1.17406;7754;7877;6558;3918;6931
170;-0.0307000;-0.204900;-0.168400;-0.0193000;-0.280200;126904;122536;1.23077;1.21502;1.21793;7754;7874;6558;3918;6931
171;-0.0441000;-0.160900;-0.218300;0.0262000;-0.255200;125435;120929;1.24416;1.19448;1.18844;7754;7876;6558;3918;6931
172;-0.0382000;-0.164700;-0.194300;0.0335000;-0.230500;125836;120518;1.25086;1.19871;1.20254;7754;7875;6558;3918;6931
173;-0.0163000;-0.163000;-0.122900;0.0963000;-0.241000;127047;120043;1.23916;1.22357;1.19214;7754;7877;6558;3918;6931
174;-0.0415000;-0.148000;-0.113300;0.0852000;-0.235500;125587;121467;1.19616;1.24084;1.18792;7754;7876;6558;3918;6931
175;-0.0466000;-0.130500;-0.185700;0.0679000;-0.266300;127834;119194;1.23486;1.23108;1.19127;7754;7875;6558;3918;6931
176;-0.0792000;-0.165400;-0.156300;0.0984000;-0.283200;127660;119392;1.23211;1.24833;1.19327;7754;7877;6558;3918;6931
177;-0.0335000;-0.162600;-0.185700;0.0861000;-0.255900;127655;121004;1.23179;1.20527;1.20056;7754;7876;6558;3918;6931
178;-0.0559000;-0.157800;-0.178700;0.0498000;-0.241900;121932;120359;1.20375;1.19278;1.1723;7754;7877;6558;3918;6931
179;-0.0671000;-0.149000;-0.112800;0.0586000;-0.262800;124230;122627;1.21015;1.23699;1.19826;7754;7877;6558;3918;6931
180;-0.0200000;-0.130100;-0.149500;0.0820000;-0.226100;127621;122084;1.23829;1.22373;1.20434;7754;7874;6558;3918;6931
181;-0.0174000;-0.146300;-0.159800;-0.00540000;-0.304000;125968;120258;1.24943;1.21738;1.16848;7754;7874;6558;3918;6931
182;-0.00910000;-0.120400;-0.194500;0.0167000;-0.250600;129670;122312;1.20691;1.25364;1.17444;7754;7875;6558;3918;6931
183;-0.0169000;-0.120400;-0.176600;0.114000;-0.273800;128641;120649;1.24691;1.2892;1.21221;7754;7873;6558;3918;6931
184;-0.0598000;-0.159500;-0.178500;0.0871000;-0.226900;125886;121691;1.22741;1.22856;1.20546;7754;7874;6558;3918;6931
185;-0.0282000;-0.141100;-0.156500;0.0712000;-0.238200;124413;119534;1.22919;1.19936;1.22957;7754;7876;6558;3918;6931
186;-0.0289000;-0.0892000;-0.192600;0.0477000;-0.235200;124761;120913;1.24385;1.18902;1.18412;7754;7874;6558;3918;6931
187;-0.0953000;-0.137400;-0.202200;0.148700;-0.242400;125917;119274;1.22937;1.24103;1.18272;7754;7875;6558;3918;6931
188;0.00620000;-0.137400;-0.182800;0.0900000;-0.206500;126170;119051;1.25069;1.23735;1.1938;7754;7876;6558;3918;6931
189;-0.0271000;-0.114800;-0.123900;0.0338000;-0.229600;127586;122382;1.2468;1.23793;1.19611;7754;7877;6558;3918;6931
190;-0.0971000;-0.140800;-0.144500;0.0738000;-0.269800;125508;121412;1.2559;1.25037;1.1993;7754;7877;6558;3918;6931
191;-0.0212000;-0.130500;-0.182700;0.117600;-0.284300;129187;119786;1.23384;1.23219;1.17219;7754;7874;6558;3918;6931
192;-0.0267000;-0.146100;-0.193800;0.140100;-0.224800;124707;118704;1.22671;1.20278;1.19927;7754;7874;6558;3918;6931
193;-0.0259000;-0.136900;-0.164800;0.0792000;-0.200600;124164;120689;1.24741;1.21326;1.20071;7754;7876;6558;3918;6931
194;-0.0502000;-0.136100;-0.146100;0.0154000;-0.248700;127431;121708;1.22252;1.23473;1.1998;7754;7876;6558;3918;6931
195;-0.0722000;-0.128500;-0.195200;0.0250000;-0.233100;124811;120950;1.20551;1.19553;1.18199;7754;7872;6558;3918;6931
196;-0.0458000;-0.142600;-0.181100;0.109400;-0.246700;124904;117662;1.22131;1.21179;1.19985;7754;7876;6558;3918;6931
197;-0.0421000;-0.141400;-0.170600;0.127500;-0.243400;124830;123666;1.22357;1.22065;1.20698;7754;7876;6558;3918;6931
198;-0.0785000;-0.0678000;-0.224200;-0.00870000;-0.300200;126937;122506;1.23584;1.19405;1.18841;7754;7872;6558;3918;6931
199;-0.00800000;-0.163100;-0.176400;0.111300;-0.220200;126330;122623;1.22245;1.21544;1.21084;7754;7877;6558;3918;6931
200;-0.0774000;-0.136500;-0.223700;0.111200;-0.267600;122197;119906;1.23936;1.25383;1.16172;7754;7873;6558;3918;6931
201;-0.0676000;-0.0809000;-0.139600;-0.00530000;-0.247200;126244;122438;1.23717;1.22014;1.22562;7754;7874;6558;3918;6931
202;-0.0990000;-0.155600;-0.168600;0.0713000;-0.288600;125382;119452;1.23531;1.19293;1.20872;7754;7876;6558;3918;6931
203;-0.0859000;-0.147000;-0.157600;0.0165000;-0.220800;125444;120348;1.25785;1.20353;1.19512;7754;7874;6558;3918;6931
204;-0.0530000;-0.126600;-0.135000;0.130000;-0.222900;125801;122182;1.23892;1.20109;1.20033;7754;7877;6558;3918;6931
205;-0.0723000;-0.136700;-0.187000;0.0255000;-0.265800;125824;121059;1.24033;1.25069;1.20253;7754;7875;6558;3918;6931
206;-0.0449000;-0.106200;-0.181900;0.0562000;-0.242600;123249;123775;1.20697;1.20482;1.19547;7754;7872;6558;3918;6931
207;-0.0471000;-0.147900;-0.158600;0.0549000;-0.221900;125628;117718;1.26379;1.22923;1.21799;7754;7875;6558;3918;6931
208;-0.0447000;-0.109000;-0.186300;0.129300;-0.276700;122794;122669;1.23883;1.22568;1.1695;7754;7877;6558;3918;6931
209;-0.0159000;-0.0978000;-0.224000;0.0271000;-0.267400;125480;122040;1.20377;1.20928;1.17383;7754;7875;6558;3918;6931
210;-0.0850000;-0.142000;-0.208600;0.123800;-0.251100;124919;120660;1.22661;1.22593;1.18386;7754;7875;6558;3918;6931
211;-0.100300;-0.176300;-0.246700;-0.0309000;-0.199100;125198;121504;1.23196;1.20315;1.19776;7754;7874;6558;3918;6931
212;-0.0284000;-0.0991000;-0.157000;0.0799000;-0.243200;127812;126326;1.251;1.2375;1.2077;7754;7874;6558;3918;6931
213;0.0222000;-0.0877000;-0.178200;0.113600;-0.274700;125502;122855;1.22151;1.2;1.21359;7754;7874;6558;3918;6931
214;-0.0350000;-0.0941000;-0.137000;0.0273000;-0.213700;127020;121074;1.24371;1.18237;1.20216;7754;7873;6558;3918;6931
215;-0.0929000;-0.119100;-0.207800;0.0435000;-0.262000;121961;122488;1.25349;1.2265;1.20739;7754;7875;6558;3918;6931
216;-0.0858000;-0.106800;-0.184800;0.0956000;-0.273300;123694;123771;1.22498;1.2441;1.20015;7754;7874;6558;3918;6931
217;-0.0235000;-0.123500;-0.152200;0.115700;-0.245500;124702;120833;1.2278;1.22274;1.19672;7754;7876;6558;3918;6930
218;-0.00910000;-0.104700;-0.173900;0.0727000;-0.283100;127247;124199;1.23343;1.23034;1.16393;7754;7877;6558;3918;6931
219;-0.0324000;-0.111600;-0.117200;0.0712000;-0.219300;126446;122076;1.24631;1.19573;1.18671;7754;7874;6558;3918;6931
220;-0.0432000;-0.120400;-0.239000;0.0163000;-0.258800;124338;121750;1.21768;1.19397;1.17133;7754;7876;6558;3918;6931
221;-0.0878000;-0.0801000;-0.178100;0.160400;-0.233800;126421;121384;1.23805;1.24983;1.1851;7754;7874;6558;3918;6931
222;-0.0891000;-0.131200;-0.194800;0.0710000;-0.234900;124360;122402;1.19763;1.19282;1.21839;7754;7874;6558;3918;6931
223;-0.0763000;-0.149800;-0.181800;0.101300;-0.285300;125704;121049;1.22538;1.22885;1.18252;7754;7873;6558;3918;6931
224;-0.0800000;-0.111100;-0.212600;0.0524000;-0.194100;126633;126814;1.24393;1.21374;1.23657;7754;7875;6558;3918;6931
225;-0.0703000;-0.136800;-0.143000;0.0780000;-0.257400;123101;122778;1.29074;1.2562;1.18786;7754;7875;6558;3918;6931
226;-0.0625000;-0.124600;-0.173800;0.0529000;-0.275500;128089;121885;1.25257;1.23836;1.22892;7754;7875;6558;3918;6931
227;-0.0776000;-0.105000;-0.162400;0.116800;-0.314100;122406;124595;1.23601;1.23762;1.19302;7754;7875;6558;3918;6931
228;-0.0776000;-0.116300;-0.226000;0.0193000;-0.244400;125561;125241;1.20296;1.21865;1.18066;7754;7874;6558;3918;6931
229;-0.0697000;-0.155800;-0.224400;0.0684000;-0.246500;123005;120301;1.2203;1.20042;1.17586;7754;7877;6558;3918;6931
230;-0.0747000;-0.150900;-0.236700;0.0664000;-0.237600;123278;124305;1.22004;1.1903;1.20297;7754;7877;6558;3918;6931
231;-0.0274000;-0.0718000;-0.145200;0.100800;-0.292700;125216;122900;1.26507;1.1965;1.19688;7754;7875;6558;3918;6931
232;-0.0965000;-0.0980000;-0.212100;0.0431000;-0.265200;126198;121783;1.22924;1.27707;1.17471;7754;7873;6558;3918;6931
233;-0.120400;-0.118300;-0.165300;0.0326000;-0.279500;127082;118720;1.20916;1.24244;1.1767;7754;7875;6558;3918;6931
234;-0.0517000;-0.135400;-0.231800;0.0932000;-0.290100;123781;121520;1.2257;1.21516;1.19897;7754;7876;6558;3918;6931
235;-0.0703000;-0.0788000;-0.155700;0.0291000;-0.292400;128304;124055;1.21415;1.20965;1.20035;7754;7876;6558;3918;6931
236;-0.105400;-0.135200;-0.165100;0.133400;-0.290100;128426;121877;1.21754;1.24605;1.20085;7754;7876;6558;3918;6931
237;-0.107300;-0.0624000;-0.191900;0.0583000;-0.238000;126918;123500;1.26695;1.24628;1.18758;7754;7874;6558;3918;6931
238;-0.0982000;-0.109800;-0.212100;0.0243000;-0.251200;124085;120593;1.22833;1.23222;1.14778;7754;7876;6558;3918;6931
239;-0.0557000;-0.110000;-0.197900;0.0878000;-0.297300;127072;122961;1.23424;1.23293;1.1954;7754;7877;6558;3918;6931
240;-0.0648000;-0.117100;-0.164500;0.00820000;-0.312900;126101;123048;1.26467;1.20849;1.20125;7754;7875;6558;3918;6931
